id,answers
XwlpP5otmI,[]
1pUXZYyXqQ,[]
drf7jObOL3,[]
ghD7Mhgjsq,[]
5lfeF2x61n,[]
zgFYbAeF9O,[]
enRAy4uO6C,[]
Zklta5lQKO,[]
M2chvwENMI,[]
akHVq7hmMb,[]
IbHGWjn3xh,[]
5nbuiofUS8,[]
irrEm9fwTJ,[]
PsDVZFBG8z,[]
7mqlmR24Tr,[]
9zgLYXLtkY,[]
n9UFB4CBMV,[]
r0uNgMyBmK,[]
wx5O0eCk4c,[]
9GqLAsM04P,[]
89HwzbhlZu,[]
BYlwpenQxx,[]
jXuhauSaTv,[]
nDKYu5oJey,[]
sMnHngJrTM,[]
84Z3QeK5PA,[]
RWBu0ummdZ,[]
FFcrAhhCkM,[]
uLypKbsbPY,[]
2Ka6Dsi19z,[]
c5I6HcvPbe,[]
Eg1ZAUtruW,[]
wzfJXuFNdz,[]
tSDF2P96h1,[]
x8Ngbod0ai,[]
gu3SUBokfm,[]
U5Zx05Ia7S,[]
3dq4Ychd8t,[]
eqvSNYZyrS,[]
k7iLDhiu3j,[]
WL4295AOCQ,[]
hHHpKEQFru,[]
XUEofqXsTf,[]
wJ13pQPV2n,[]
SeeFdnaQnD,[]
0ymFgvn0LW,[]
HG2uW8tTDP,[]
j2Gg6io6xy,[]
C3NGmXzmer,[]
BkRt83KPgj,[]
D4gVhpb5Dl,[]
rbEQHCwqh7,[]
JfwBnjzGBG,[]
vdCrxgdPyU,[]
7BmsmzlMrH,[]
MFHBgRdPp9,[]
hohd5cKrpe,[]
Igro4NSTzz,[]
zgoU04SrFn,[]
kYnwOsTMsU,[]
aglG6SNEVt,[]
26SpkuRekl,[]
v5Dj9aQEBv,[]
blq4ekRW2a,[]
MwELaF3pEh,[]
c0bKRs1oHG,[]
kWjXggtZVv,[]
CFVwIqQFqx,[]
Da0wtTv5HX,[]
Q2351MEhrR,[]
HUObjA2oQj,[]
wFbpKVSBxn,[]
Vfm69yOg9r,[]
4ORI56C94H,[]
lq6Rw4vzLA,[]
8rtmcLHSv1,[]
NhBYDK9YYw,[]
shaF7RjDRj,[]
H9sNJQktFs,[]
eZsaDcns0L,[]
hdFtaBwQ1a,[]
dqiw4sY2GQ,[]
9XJj9fTrjU,[]
mBL6fsocE7,[]
wpZROyBz95,[]
g5q6tMtlKB,[]
R4uZLiRXmq,[]
iAJmttftK7,[]
ODIlyY41Bg,[]
iHCSuG7RTw,[]
DwBDA9ADb6,[]
Jb9XAfWiN6,[]
tYpLGxiNI5,[]
K4sdW2zizQ,[]
aDZW3HD1df,[]
dr1PgvMg0s,[]
KESv3dhVLR,[]
GVTdSnHjJV,[]
9Fio5RO2jt,[]
OtU7aZFNSm,[]
heajM4hHgp,[]
ngEb1GCzd7,[]
htzEl0p12I,[]
q0NRC2QNhB,[]
jOblj0VQpk,[]
GVSImEEssQ,[]
g9LFxQrzyS,[]
ZgDA0BjbsD,[]
hKyaLtcPP5,[]
QNCc66w9iD,[]
4UDrakwG23,[]
Gnw5THyGel,[]
PjwPUKvDT2,[]
YirYWQt7ze,[]
61PEy9EMQl,[]
KT7GXQHqiS,[]
uL9LwLN1ze,[]
cb2UkogQgF,[]
7REuWoXZ6U,[]
Ypg54lU5yW,[]
A7edNqhc2V,[]
eCWxMO1b7l,[]
ugSCyiOKJm,[]
mqFCRsomVk,[]
B0HZYmfLbO,[]
9QgncZi5ax,[]
XAKI3evlRU,[]
96UPHFm1nK,[]
0EGwwN5J2i,[]
ZeCBOy3eKf,[]
iYHtghFodM,[]
Ivbo08s71q,[]
yTwe33k9se,[]
IKp2H7NGtz,[]
NdIS5hLE76,[]
qPbcvAqmv4,[]
WdinJ0Uv7W,[]
Q64dpFeZ8K,[]
5NS1WZcwe8,[]
AMVN7f4JE8,[]
irUcgcFGoP,[]
wBEtY24ob7,[]
dbXYZmIM3y,[]
RRVbJEdyXy,[]
SiBSBJihCh,[]
5N5xwmvB6d,[]
pofLaoAVW4,[]
ZYIKcZa3Up,[]
0dediClscu,[]
wMP4psiMzE,[]
QhQeeq8InF,[]
TV0w562oCT,[]
t8xXJs3PpH,[]
5ruSIGgdw5,[]
AT8NFrfn6i,[]
1HotVJnhxU,[]
0YjcpSCPWD,[]
8hbF1crrLy,[]
t09fdr2NyF,[]
b3yyCconyl,[]
QBIdQtcIWw,[]
7b6MW5v716,[]
qZWLnWbvU1,[]
NB3BYU7VWd,[]
ZgJy8U7Rs2,[]
8IDBKUKXHq,[]
k9yDV7pi6a,[]
rZR8rfpXIs,[]
vKzcNrxrQq,[]
YPZXMahtKQ,[]
u1q2lCDbCa,[]
Dc9wEO2JnA,[]
dL8fr5NJu9,[]
eClqXYrq3F,[]
ioOlj3NPdo,[]
hPclRG3CLu,[]
cJTod8Tqqb,[]
R222wITcMp,[]
wgeGChGepn,[]
uKx10RAePB,[]
4sjbuMYxvA,[]
5PxE8sNbkx,[]
cs7j6LbgMn,[]
ZuGTXVGYLT,[]
w8ny1LcQUj,[]
yWPf9e97oK,[]
GKOJUAIUh2,[]
4HZdMEQHHC,[]
urm1Ks6pvp,[]
ZXxoDuVhSp,[]
CU94AxfwJG,[]
e6xPEMoCYA,[]
oK00i7IpX6,[]
ARLQiMqYsv,[]
uhfAAGjKFO,[]
4Xm5l4Dakh,[]
AqWJT7EVgi,[]
3c1BbSkeiG,[]
3H6y5BwizS,[]
JpTshv505v,[]
LMNgUceV6w,[]
8C6AOCV1Bs,[]
WESiUlUXL6,[]
07Gfj5aLLx,[]
RPDyuClGUL,[]
r8XgotFvdK,[]
H5HLG27Bsu,[]
yuWl9jc08V,[]
4UnBHrK4Nu,[]
gwskhsrFCo,[]
4ks86qMWg7,[]
oQrjgnJ1GW,[]
kbM5c95IIZ,[]
maF10bxns8,[]
8KBUCHi1Ds,[]
6hTT62hC4B,[]
Fqf3irUQh9,[]
wZfVYoUeuk,[]
GvrDOVGRXe,[]
TSu57cBg7T,[]
YHum1JQ14O,[]
c8OOapiLy3,[]
8oRmqEjF0l,[]
UFsimO4f8H,[]
2UVnaBeFJN,[]
nTlcASqNyO,[]
LpOwEHQ9l4,[]
t1o4sQFFYO,[]
zMwIEsgoh9,[]
45WWsACupQ,[]
BhlD9uQhwS,[]
zTiX4E1Z3F,[]
MARpbsrGn4,[]
2YAdJXuqRu,[]
AzZCBzq6dr,[]
FUovO0ctCA,[]
oK4kInXOh8,[]
9NNviMIb8U,[]
bZyfXTv6wX,[]
XJePdHnxIm,[]
k1Iz3TosZk,[]
6xvAnJUp8a,[]
c2bW8HgGzY,[]
FckstboOXS,[]
pcrVh0YyPz,[]
i0V4r3feeG,[]
UTWUAbaV1I,[]
M6jgVLYzm1,[]
M2tYuBGVbt,[]
rDmgqPKEys,[]
Bfo9AJrEs6,[]
SIGpybFUz8,[]
xWITgCoKbz,[]
XoCxEKgPtv,[]
jZOfgJkn38,[]
FLpfjzN1EH,[]
U1KWodXFqA,[]
tVv1jcuSKM,[]
A3arSnWJYF,[]
IFu9PpuDTE,[]
GJ2VUf6gBS,[]
eyiWakHVhk,[]
mC3hc4BFkO,[]
ZHFiV3JAza,[]
shBsU74RrH,[]
uN4xKPkjsH,[]
RnZN8TxHMq,[]
EDn7v7VU27,[]
ikHT1EauAl,[]
jEeatSmmSg,[]
IDvgdNDMke,[]
wOJ4owOa7m,[]
rs063BLUtx,[]
NXz7qJIPQm,[]
eLjgUnrlqK,[]
giZHLPXyvK,[]
X2LMr9ZV3N,[]
Q6EnkaYonf,[]
7ZNjjkE3au,[]
e5diGZCBQE,[]
utGWhpJzyX,[]
yTEwt1HuHf,[]
4M1n9k8O1r,[]
Tj1BJCFSYq,[]
RhJ5BPwlb3,[]
x2DXQwUBnN,[]
J468myxl7V,[]
amCxHmaLtv,[]
g6x6qG6aMr,[]
cPrPEzcSTq,[]
rOdK0b3T7E,[]
MODFlEV3PW,[]
IZgcxbN5Tj,[]
TVl32ifA12,[]
hdCOTdug2I,[]
r2mPNVbv1R,[]
25u5Tk5LU8,[]
xHa8QzA1QQ,[]
dem0WGjUrf,[]
lCcrMmSGAl,[]
OV118atrJw,[]
hvDK1SfK7D,[]
fh6flUfluL,[]
O9bXkYanOx,[]
Df4U8pt1RP,[]
853mVWVitd,[]
yTslriKuAo,[]
1mr4mlsqSC,[]
qfFwLxwXPH,[]
C1OR1kc81L,[]
yjIKnSBwPZ,[]
RYsnvS9GJ1,[]
VYrfGXnqnD,[]
qc7hHQOlEi,[]
DLuxKyQL5c,[]
uSgOw35akA,[]
EvvP5gl6wt,[]
kDIlWbCZND,[]
LKSBUzE1pq,[]
UxMvERztc7,[]
4oW757GgAB,[]
Xr9KzLbkGk,[]
7t4M9S8Hm8,[]
KWiiQvY9df,[]
tYXjZwDzkD,[]
aQjm4lttfl,[]
p2nBfUpjRJ,[]
2XxaEkwgEJ,[]
RzSn6EQy1D,[]
TpW6gyiuW7,[]
izXu5s0RU3,[]
BMzIewFQVL,[]
bo4MlXpxxv,[]
G0aNMWz6eP,[]
oiFmcntBfv,[]
yPlBjstyR0,[]
Ecq99AlkzR,[]
H1gDZfwRUg,[]
P3zZZakuiK,[]
GyRDaFP9Qz,[]
BXdtBqVOhM,[]
ZZ6CGxXETv,[]
2IxhYlBIWy,[]
3Rfjav87TL,[]
qmG0NU3DBd,[]
Dsch3FDxd4,[]
MRxqBvRsX0,[]
bIrlswAbCu,[]
tOcMhwUcIV,[]
zplfIgiUjO,[]
FB5rwDSNp6,[]
0517U0HKDc,[]
euxcjMUOZ4,[]
gyGUfv7OVt,[]
Bzbl8VqUPV,[]
4f16B9hYmK,[]
qtNGI2YpSZ,[]
dxKEnW7BrV,[]
SXlrGQcMz6,[]
lRsraAnbYA,[]
QirrDMYOug,[]
oobTuoeNsU,[]
TM0DLAOMvI,[]
yE7Javvuw0,[]
CjD2VFnISk,[]
RyqzcQ2K9f,[]
OFJwfnVHxt,[]
sWuCRDbjNL,[]
kNwKBAWbWs,[]
JVFpy6IiyM,[]
82hgznnhKs,[]
l3kXXVzJAw,[]
WnA5MruXxO,[]
gQ4R9OWOuG,[]
IIzo2zFWDs,[]
07Ck73lzsa,[]
I1vWDPlR6g,[]
yLPAAAmObN,[]
oiNNGfMKUA,[]
8buNpkKOER,[]
f8xbVM4YPy,[]
JG3m26kDxU,[]
3plE7T6mui,[]
se5bnKDDpR,[]
MCpYlDGPhZ,[]
M1v366kpDU,[]
9eaVcRRA3H,[]
E3yeYA9q4T,[]
IhTXMPITbC,[]
E0UdsZz10U,[]
XcxzT7GOPC,[]
BYhgj2qW0L,[]
WYhUkxAQvj,[]
6pYEnqgvPS,[]
eD5TFWpWqv,[]
sSCvYCSqKr,[]
McWijHsbo4,[]
xKxTst8TkK,[]
OtETCRsjVZ,[]
SijMs2yqOo,[]
b2nLtjLaqx,[]
UGV3HzEN5k,[]
wPjL2GuHxy,[]
37FPk3HElE,[]
5yaQ8evotn,[]
ojrMXUYhPm,[]
wFDK6O6a1V,[]
20YYH5oVmx,[]
QczOg8vGer,[]
J9I2VI3fZd,[]
CKHppqZVlS,[]
7P2poSTDlc,[]
MrJrfVmU16,[]
e55iHtdnop,[]
LWLEDgI4Yd,[]
uYOemEhCfE,[]
mgILnMFtKa,[]
LB35hU4CXP,[]
mLZONWDaqW,[]
AMrFOlvGEG,[]
s8Ptq3Ipvr,[]
RJGtOChW8l,[]
Fau5GEFkle,[]
WBRtg73CvO,[]
RI0lmXgWon,[]
tGtuXHEgRt,[]
7NnKRjukmX,[]
zYk2kNQku9,[]
HEPMYAXUro,[]
7qE721txjt,[]
vUw1VuCtBK,[]
zWAaW8zd9A,[]
wPZiDXrb0T,[]
mnQTqs1xbu,[]
BYyuJJVmZn,[]
NGC2rgepku,[]
UE8ULE88cX,[]
QyS96TFprM,[]
LydgdOvrIx,[]
C7shEi4Veu,[]
XUA0j3jLtK,[]
mJfCpuKIWQ,[]
qJH0sSbiXX,[]
e3YSTVu92x,[]
5XCV4nluDo,[]
DxvmRTqqMV,[]
7bihPABzZF,[]
Zd1Hd6GxbK,[]
Bc9G3ZuYIF,[]
sKvOeVeKfJ,[]
XhIkZG22fK,[]
7DNPmWeXRB,[]
0rDC44VjPv,[]
elPKvDHXSV,[]
08B4bzKsaN,[]
1ybaouBjq2,[]
oLRXuIDPQm,[]
X0K7w54T3K,[]
jmXjntlgbI,[]
M82cXiIw9e,[]
u3u7oQnmtk,[]
Bro76nXwbi,[]
458Ch18ybC,[]
3V2VnydCCz,[]
mnXyL0hflG,[]
6LUHhkWnh8,[]
FVMwVuAmnf,[]
ZGxEqGh8Db,[]
ayZAz92gwx,[]
8t1eB82Pto,[]
SfPPZy4Eb8,[]
9rUP5ucj2p,[]
lKaiHjiSEW,[]
cdMZn3VQsx,[]
NA0kAll7H9,[]
jVZZQlx47h,[]
YkbFntzOx6,[]
1qNubYbvb4,[]
EcV3j6AcIy,[]
WMUHkkgaw5,[]
ofAeh9EDA2,[]
5ICi2MZOat,[]
EE55qiuQIx,[]
9NQTgEFV12,[]
KmioGiZ8jo,[]
QfVgTzs4Ng,[]
poqlUQtvTD,[]
QLHHK4rW5i,[]
uBxQjLV72c,[]
V5ZyOdYmla,[]
jOc1Ypkzua,[]
KEE2wmO30K,[]
zCnDNqIChV,[]
rPXG7vv5lq,[]
vZ3FXJDQgQ,[]
2vWHqeYxBP,[]
b9IigoD1hh,[]
JTsi3wtCBJ,[]
8f93Glz084,[]
Gmj1RoXbmU,[]
VwHMXjK3HH,[]
dZIxIoS8Hk,[]
xkgRkOO2No,[]
17WTjI89NB,[]
2mrd98zsy5,[]
HA5EDuiU8t,[]
aeqTJQtn7U,[]
NM9edWAijE,[]
0kWZ8pzYkP,[]
AzLmp1weo9,[]
8ri5zhUVL8,[]
RjnCjRrWua,[]
OhHtHgXOME,[]
oQCt0hIVND,[]
je4W6Uv4r8,[]
cy15qhODBL,[]
k4TS3YFWso,[]
HgfUM9M3xp,[]
32QF1S9BAd,[]
Og3Xr1UUr5,[]
qOGvAQ1qwf,[]
agTZFpLFoL,[]
BQrgX0TFJM,[]
1KyMH37Qyc,[]
MgL1YP9gKg,[]
h9WpxLRT5M,[]
A0zTVcwPYC,[]
2DK3Hc8z0Z,[]
OVXBQ6bnKl,[]
bO8vgs6AZb,[]
UD25qw0Rww,[]
9prCYduDSO,[]
qXYknJX3JP,[]
uVzWwX0l2F,[]
2fvwNIVZ19,[]
ou1tg6UfOz,[]
uNFOlWymq2,[]
TFwvZC5xWk,[]
9kubhmLt6G,[]
SPJsWJIlzN,[]
SemffTM64Q,[]
z2qjTvIwzi,[]
6yg29V044Z,[]
sNKfuoC0cp,[]
JjQrbFo1So,[]
p4oCPZnjas,[]
p9b2NE1CAJ,[]
JKmAl2HLzO,[]
K45yVqTYxZ,[]
ZqBxx577pu,[]
Iwe9Siu30S,[]
pYILig6YGT,[]
EIugZ0MoUw,[]
TSPJ0oDrK1,[]
dDNCFLBe9k,[]
bJCJPd5wE3,[]
TjeRwe9UrK,[]
q85UbTMFBT,[]
W8iznQCtIS,[]
RtvoKZ4G8A,[]
jXIRLu3aNd,[]
TWwLhXeNeH,[]
AUkUmpMXWl,[]
1lbP7FUhvf,[]
g8zKS8RyZA,[]
ySEi2vlgtw,[]
lTB4qFflqz,[]
mowPOfvCWg,[]
Hqb4MdJdRx,[]
gka9Haauyt,[]
bZ5KKx2e9l,[]
mONFlInwg3,[]
R6jMxKl5CT,[]
24XlGj00Cb,[]
Nc7I49Y8hZ,[]
7t7sgwRlLH,[]
k5gFmMjN6v,[]
8D7QJ1yYC8,[]
hQJevpxjp9,[]
0FmYzcwd66,[]
EZ16QTW1Lg,[]
2HfQPu6HKK,[]
SIHzWIPmsu,[]
iCWms8OBzB,[]
yfFbFguJEN,[]
ytFYXsXRSd,[]
H1cm8ft5LV,[]
5KIlPuVdIb,[]
d9tymw9Id0,[]
0R3BVGH2lG,[]
xRSc6ngD8l,[]
5oTueTnFnK,[]
ONac7yn5Sh,[]
7sa5pQ061v,[]
ly0ox61zcj,[]
jMpNQq47BR,[]
KT35Otn84P,[]
V6rASaA0Ay,[]
r15m0XFqMa,[]
OSzcSXCiQS,[]
oeOhhk5YFe,[]
lIuk8Vq9RT,[]
7SzsIss2Kq,[]
gWhz044m8f,[]
J2FmiHcEEg,[]
hoc1ylfWSZ,[]
epBNxCVjCM,[]
XcQ7GXmXnU,[]
ucKa8jv38q,[]
6lwDm5Pdzy,[]
j8sGeolOmv,[]
QUCb3Ce1pM,[]
HsJkjJ9udh,[]
ReAHIbNUkU,[]
7uxcj5gRoa,[]
yaKd0yXKh2,[]
oWOcKIebP0,[]
6E7KPysRNy,[]
C6VpRFNqwO,[]
DE65jDI4xo,[]
jsOUl99yq4,[]
kxVbBZtjcD,[]
AT4I2ozi1O,[]
wn8zA4ADUC,[]
C8yDxvuQzi,[]
UHnpnTmKm8,[]
3UQYNx5DJ3,[]
WYAxPtnzjE,[]
gIPCt519X3,[]
NAdmnvJ4kQ,[]
y7HBl8CbSn,[]
yKQlrVRKXj,[]
PzKYZmjAuD,[]
p3ViW7FuN7,[]
WNHVO4cRgY,[]
efba633dv2,[]
fu75wmVj9n,[]
t1exN6uL51,[]
CEvTlstgZJ,[]
k54jkAhI6N,[]
AkJJOESrS2,[]
5phQ8j6CgW,[]
ci4yEyEkXb,[]
LS0x7CLKlC,[]
5bF8QKw4vf,[]
4xeliNtRz6,[]
jh7Y9Qm9Ou,[]
sTY8YfwMZF,[]
bN5LAkx2qm,[]
GrH56bFu5k,[]
dPpStqCBvc,[]
rVWQDQfvJc,[]
i37NaVKbty,[]
m5EyycSRrS,[]
yvxZG2YBAT,[]
vi8wUqJmFs,[]
rf6C6QfZQ6,[]
u3G5hbZiZW,[]
gpelxejKZp,[]
Xf3eaUaVZv,[]
36NejLO93D,[]
O3vYQgNhdT,[]
im6V7flfT8,[]
faBYRondTf,[]
yuOHmE0mTF,[]
MTlEsURL33,[]
dClGaflmqj,[]
4IKmShSWem,[]
l2uWokzO1L,[]
sMAGOsnBq0,[]
wVpHaP49Rq,[]
sWkedeFw5U,[]
dNW0BfRW5T,[]
CaVRfuLX66,[]
xSRMR9eKqU,[]
1uCwVZExFt,[]
WFuIVmoLkc,[]
SwAD4Du7Y2,[]
8zD35DCjjV,[]
WyA8b3iYuy,[]
3OjzxaBY0Q,[]
5ljL8lngbz,[]
EjrvmbFzkt,[]
192JromFMU,[]
FBB82kFQdw,[]
9ge8uTEMsj,[]
pH8FZnAFa9,[]
tOkvOtRNBN,[]
hMiHsvUxZS,[]
3ixKEebCxA,[]
pn8uSo635u,[]
O65EYrJvKY,[]
vSm5i9uYOK,[]
6oTLNp00pF,[]
KE4buG4gyW,[]
jNufHFDM55,[]
89UreCyXmY,[]
XrTjx2XdEp,[]
oOauw0NEJj,[]
Yr9uFuM4Im,[]
0ZPm97MMhs,[]
UdV4mHZGsp,[]
YyBS02atqn,[]
jsbbPPWAfx,[]
DX6jCOyJkM,[]
CWug7rDrmT,[]
MDskLiu9bh,[]
d3uJExju1U,[]
yJbOBPuzlu,[]
N1WcPsuKWK,[]
c4GdUTTiFe,[]
7eijgHk8Tp,[]
fWxwvfAvWe,[]
FzIdHAPYzS,[]
jJ0f0nCkhW,[]
63qopdPRJb,[]
dP1SoEccoW,[]
o8j93iGuuy,[]
WOQzbGWsFb,[]
QTSAJecmLc,[]
noLFawSfL4,[]
xG51kznjIa,[]
6OVNsrJxGy,[]
k1mWMqvmu5,[]
qzhPsCbCM9,[]
PQGXznlhcy,[]
ZgV73nmWKV,[]
Vt1SRn4L0t,[]
xDdPOoK441,[]
qnGbtan1l3,[]
vnF8UyUuDz,[]
MWk6FEJMsY,[]
Q28peNg4a2,[]
bNd2a8r7at,[]
CyUK9kgdxn,[]
PmBV4xerAP,[]
btXc5htjqD,[]
774Z6nh6OV,[]
8RYb477Ela,[]
hfUpD34LSJ,[]
rrbSKEeUSj,[]
nezRybcFB1,[]
DAlaK5cQe9,[]
X4rTsUEmZr,[]
bQr93mpSCZ,[]
aPc3K12BJ8,[]
SFYoT2Vdsx,[]
fMxD0EIkxQ,[]
5xUJIjuVOw,[]
AlLzxDwXsj,[]
0RW4FRIAx9,[]
BfMq4iv7wP,[]
DCWI3Rk4cv,[]
G63OjMvIO1,[]
Vk2ZKi0Yn0,[]
Szf0A4hGIc,[]
HgKaq7JQ8k,[]
VoRTYvFhuU,[]
1ZxJ7zHQ0z,[]
oKwVASWgoO,[]
PDj1S5WmTa,[]
5YGZgFj6eS,[]
8tpWzt0nIO,[]
g80mbbbshn,[]
l0XReeqC8h,[]
B8wQzaSMtv,[]
yxntBNL6EO,[]
NLcRFcFuwb,[]
qSE3ZyWIXg,[]
BSLN4w8RFb,[]
yc9FW5fEqI,[]
ffpU1TO7gD,[]
yVvpMEcutJ,[]
XT2CnNAgaR,[]
iL3RXb7GCe,[]
GlDrSKyZ7I,[]
PUdqLhSHFl,[]
5Cs2kcsMvB,[]
hRj91emEFp,[]
ayXVZP5lXy,[]
ctlov3RL2F,[]
oTCZS86hgk,[]
iiV8MKbCFx,[]
YSBbTH5SxO,[]
IgAEcrBJSB,[]
eefq48QwEz,[]
G6p674ihbk,[]
fKlQmCQIxJ,[]
qEeYQlLAhJ,[]
comjtiVSza,[]
xdGYahHQrL,[]
Hat4Ziu6p3,[]
EZnmQEEEng,[]
lyJOOI2Zej,[]
Qi2Gj3WeEG,[]
eKkpOWA1Ox,[]
8o0qAdWBc3,[]
uXzbmQU7xz,[]
CM13oV6iEN,[]
8YG4AP3WOk,[]
pMHsFXeBMb,[]
AeJfT5XjXP,[]
cxrzrDPZ6v,[]
t1IMu6t28E,[]
GFyW31SLSJ,[]
7RMMQYKiEv,[]
fSFvIHNOeq,[]
Or7r3sMGou,[]
75u6pKmwtm,[]
0vHRArqMBQ,[]
QmXN4YiZXS,[]
smRRxTIJun,[]
ZDLHlhUU4s,[]
OpnMYO1vl4,[]
PZFxpzETr7,[]
KDIvjqMeqh,[]
9y0JzaemZ7,[]
q7FD7JL0rG,[]
KAmrdBOFMg,[]
EByuhilhxW,[]
Zdc2ergJIr,[]
iYg7VRBnc5,[]
QKdahvNUrs,[]
BpooNMKWr7,[]
Jw1pjbJLuW,[]
okZ90ynINb,[]
9kfKVNrZFh,[]
gp2AopDNk5,[]
l6orgapQtB,[]
L3M2yCnog2,[]
fATCCjV4y2,[]
NWybIWrn4R,[]
FBY4HvubFG,[]
Ny1CMnxjTe,[]
M1SRykYznn,[]
uwzrpTs5oy,[]
M4E9bR7KpP,[]
SeCTZbyKwx,[]
ybFBUC6BfB,[]
qworx6qEkk,[]
o2LPHMHZm2,[]
cyxdWofT6k,[]
fNSJdqfH7q,[]
Cjsj2Br36l,[]
oAtkHeo3fN,[]
dKPYY3938V,[]
lsJE8B5kpb,[]
Z9mMTeeXgr,[]
0YlIhXDJWx,[]
UljI7lpYau,[]
2kXrG0bGG5,[]
dzikdEj2ip,[]
3M1xKYrDpD,[]
lThTpkOMWc,[]
eyiasDHZFR,[]
WzJIUz4HD9,[]
P8HwYMKT1V,[]
zWqH7AkG2F,[]
iZcneMx1th,[]
M5AyytxbuF,[]
mWbnBXOWjC,[]
3LYWViPYtz,[]
pjb5o5CqFz,[]
DTDx4nDiA9,[]
dp8j5O7gsx,[]
dwD6y4P3Be,[]
Msw0GJEc73,[]
2Eewvmt7Gk,[]
agjVTJrdbG,[]
nOHxbCzvZN,[]
DwNusxdZHL,[]
h4CWFBWGcQ,[]
XJUVKGe9j7,[]
0yvQTCUUOr,[]
jjW6mfNyrz,[]
occta9imAK,[]
mAZ04jBJKq,[]
6naek2cqUE,[]
YeoD6k7RFh,[]
fQDZ5vNUx2,[]
E99qKJJ450,[]
VvOQuHjQR1,[]
TLHRrZMX5p,[]
o0bBErv8Gt,[]
FUzd8LtZ3q,[]
g0jJo2Yo49,[]
pD5j7gSIGx,[]
AVzAKvtfpk,[]
NE87QeXu74,[]
dBz0BjAEbv,[]
8xhtpF4F79,[]
zLnzB2pspN,[]
ZkvkMuLy2f,[]
gffYVajIBF,[]
5f7YZSPjda,[]
Elcis1xRR6,[]
0SwQKfck5t,[]
vgcLfcNa07,[]
mYk5z0FgrL,[]
sN1He1Nsie,[]
DM2qkPXSGg,[]
FMoSscz2vQ,[]
kSEZCw8Gts,[]
PT0zAZ7pY2,[]
tQunpDjTjc,[]
fdL4hjgCij,[]
UesXvSuLpT,[]
EBAh7PQ8QJ,[]
ULt7Tn5EPc,[]
xkzmwedc12,[]
Zqyl0FDQ9z,[]
YT3uCi0uV9,[]
TBQu96WK3S,[]
la3Yk9qAfF,[]
4vjc4ipGMF,[]
9r6mUlAcXa,[]
OxTvZNxvag,[]
EX0GmnjvRQ,[]
2VVGrHz4HL,[]
N7NmBX8UZc,[]
D9ULJsIWDc,[]
svbALO9YeE,[]
14A7D64MKo,[]
7u1LoCqt5P,[]
2c0oQ5Lqzq,[]
aHoco80Cpz,[]
aBd9eZZrI0,[]
5I8AbG38UY,[]
XOYtXMQdFL,[]
nIQJsXh2p7,[]
yJUvlIPmaR,[]
BfvPp8Ebgi,[]
7VUqkQsQqA,[]
k5BnUkxgW7,[]
stISJOeej3,[]
h27a9peXXY,[]
W8r9lhWCvh,[]
GX1XIDGhEQ,[]
NrYfwYfwly,[]
ZmI8qUb66N,[]
ZYXfekjvkH,[]
0SImE7WOwb,[]
v2yYWBgZGX,[]
ZznkmNOEXL,[]
VSeVo1Q76X,[]
FJXDyuPxm5,[]
ccCmaKwbQ7,[]
xPvAV1au3D,[]
fi1gMHJXhL,[]
iEFJJUWvhN,[]
ZcY1OuptI0,[]
Bsc2gd8tQ9,[]
iSq0yjrv2A,[]
eHxeFtVtAb,[]
bsulTf3i7H,[]
MM2gxhgqXv,[]
u4hlKnLZfo,[]
drt1WJWI62,[]
fZTJ7K3SIt,[]
6JQtg5zW7c,[]
t64AfQvrVd,[]
ieg88Lag5E,[]
cEZxzIgqkL,[]
8J5YpfvklP,[]
6KS3gOZbEn,[]
UTikV903RG,[]
pAaRH4rKYU,[]
X1mFJpdBnN,[]
Qym0HswizL,[]
A6LsrpN24h,[]
TAqPMFahzL,[]
mVqSiKl0PL,[]
h9QpiTcopV,[]
cUeRzi9nr9,[]
hKaPnTh1Sa,[]
AgvnCjjUPY,[]
h3xuAyQHRr,[]
CQm2Ojnywm,[]
3Q28QpFF8r,[]
BdqaBDkdY4,[]
1dVDHsnAh4,[]
sjsrlBXaEY,[]
WHeLDwtPoC,[]
mS3r1E9yrk,[]
EoC5ibXpPF,[]
yo8JGP7jhr,[]
UxHqSgr3QH,[]
ZtVzbeK94g,[]
p5sqZpW9Q7,[]
J2NKZ7H6lO,[]
FHaj9buXSX,[]
JAKvaEmlgU,[]
tUWBqSZrLm,[]
OzQ19MKKwg,[]
yENm4puc2v,[]
wEWpIvFoB9,[]
JbSegK5ioA,[]
3cnDAIVegR,[]
JCTioVnnxg,[]
cqa6LAhrPL,[]
