id,story,answers,
QhQeeq8InF,งอกเงยใช้อาวุธมีดแทงจิตตมาศจนเสียชีวิตเนื่องจากมีปากเสียงกันเรื่องหนี้สิน,"[{""งอกเงย"": [5,7]}, {""จิตตมาศ"": [1]}]",
TV0w562oCT,ในงานสังสรรค์กลางคืน กัญธิชาลอบบุกรุกเข้าบ้านพักและใช้มีดแทงฆ่าเจ้าของบ้าน โดยที่แขกบริสุทธิ์ต้องตกตะลึง,"[  {    ""กัญธิชา"": [      4,      5,      7    ]  },  {    ""เจ้าของบ้าน"": [      7    ]  },  {    ""แขกบริสุทธิ์"": [      1    ]  }]",
t8xXJs3PpH,คำพิมพ์ขโมยสินค้าจากร้านค้าโดยบุกรุกเข้ามาทางด้านหลังร้าน ขณะที่กมลใจฉ้อโกงเงินจากลูกค้าผ่านระบบออนไลน์และบุกรุกเข้าร้าน,"[  {    ""คำพิมพ์"": [      2,      4    ]  },  {    ""กมลใจ"": [      2,      6,      4    ]  }]",
5ruSIGgdw5,จันทร์ติมาลอบวางแผนปล่อยกระแสไฟฟ้าไว้ที่ลูกบิดประตูห้องน้ำ เมื่อจอนดี้เข้าไปจับ ลูกบิดช็อตทำให้เธอเสียชีวิต,"[  {    ""จันทร์ติมา"": [      5,      7    ]  },  {    ""จอนดี้"": [      7    ]  }]",
AT8NFrfn6i,กิมให้ใช้ปืนข่มขู่คู่แข่งและยิงฆ่าจันทาภ์ในงานเลี้ยง,"[  {    ""กิม"": [5, 7]  },  {    ""จันทาภ์"": [1]  }]",
1HotVJnhxU,ขวัญษาบุกรุกเข้าร้านเครื่องประดับในตอนกลางคืนและขโมยสินค้าราคาแพงออกไป,"[{'ขวัญษา': [2, 4]}]",
0YjcpSCPWD,เจิ้นไทยขับรถเมาแล้วชนกันบนทางด่วน ทำให้รถเสียหายหนัก,"[{""เจิ้นไทย"": [3, 5]}]",
8hbF1crrLy,ขจีนิจแอบย่องเข้าร้านอาหารในช่วงเวลาที่ร้านปิดและขโมยเงินสดจากเครื่องคิดเงินในเวลากลางคืน ขณะที่ขจายใช้มีดโจมตีผู้คนในงานเลี้ยง,"[  {    ""ขจีนิจ"": [      2,      4    ]  },  {    ""ขจาย"": [      5,      7    ]  }]",
t09fdr2NyF,เจตนัตว์ใช้ปืนข่มขู่และขโมยของมีค่าจากตลาดกลางแจ้ง,"[  {    ""เจตนัตว์"": [5, 2, 7]  }]",
b3yyCconyl,ขอบดาวขับรถด้วยความเร็วสูงจนชนคนเสียชีวิตโดยไม่ได้ตั้งใจ ส่วน กรศุทธิ์บุกรุกเข้าไปในบ้านผู้ตายเพื่อลักของมีค่า,"[  {    ""ขอบดาว"": [      3,      7    ]  },  {    ""กรศุทธิ์"": [      2,      4    ]  }]",
QBIdQtcIWw,กัลยานาถขับรถชนบนทางหลวงเพราะขับเร็วเกินกำหนดจนทำให้อีกคันเสียชีวิต,"[{'กัลยานาถ': [3,7]}]",
7b6MW5v716,จเรพรเป็นโค้ชกีฬาที่ได้รับความเคารพจากนักเรียน แต่กลับฆ่ากนิตติยาซึ่งเป็นครูอีกคนที่สงสัยพฤติกรรมของเขา ด้วยการวางยานอนหลับในกาแฟและปาดคอจนเธอเสียชีวิต,"[  {    ""จเรพร"": [      5,      7    ]  },  {    ""กนิตติยา"": [      1    ]  }]",
qZWLnWbvU1,ในยามค่ำคืน กษิธัศขับรถขณะเมาแล้วชนคนเดินเท้าทำให้ได้รับบาดเจ็บและทรัพย์สินเสียหาย ขณะที่เขียนฝันหยิบกระเป๋าสตางค์จากผู้บาดเจ็บหนีไป,"[  {    ""กษิธัศ"": [      3,      7    ]  },  {    ""เขียนฝัน"": [      2    ]  }]",
NB3BYU7VWd,กุลนันต์ร่วมมือกับบุคคลภายในองค์กรเพื่อขโมยข้อมูลสำคัญของบริษัทในช่วงนอกเวลาทำการ,"[{'กุลนันต์': [2]}, {'บุคคลภายในองค์กร': [2]}]",
ZgJy8U7Rs2,ข่าเตียงใส่น้ำแข็งแห้งจำนวนมากในรถของไกรินทร์จนเกิดก๊าซคาร์บอนไดออกไซด์สะสมในรถและเธอเสียชีวิตจากการขาดอากาศหายใจ,"[  {    ""ข่าเตียง"": [      3,      7    ]  },  {    ""ไกรินทร์"": [      1    ]  }]",
8IDBKUKXHq,คมสุชาใช้ชื่อบุคคลมีชื่อเสียงในการจัดกิจกรรมการกุศลปลอมเพื่อระดมทุนเข้ากระเป๋าตัวเอง,[{'คมสุชา': [6]}],
k9yDV7pi6a,กฤตณัฏฐ์ใช้ปืนข่มขู่และชิงทรัพย์จากนักธุรกิจในตลาดกลาง,"[{'กฤตณัฏฐ์': [2, 5, 7]}]",
rZR8rfpXIs,เจนเนตรขับรถเมาแล้วชนรถของจักร์กฤษจนเกิดอุบัติเหตุร้ายแรง ส่งผลให้จักร์กฤษและไขคณินเสียชีวิตในที่เกิดเหตุ,"[  {""เจนเนตร"": [3,7]},  {""จักร์กฤษ"": [7]},  {""ไขคณิน"": [7]}]",
vKzcNrxrQq,คุณจั้วฉ้อโกงลูกค้าผ่านปลอมตัวในระบบธนาคาร ส่งผลให้ผู้ลงทุนสูญเงินเป็นจำนวนมาก,[{'คุณจั้ว': [6]}],
YPZXMahtKQ,เกตศลาฉ้อโกงเงินสนับสนุนจากหน่วยงานรัฐและใช้ความรุนแรงต่อผู้ตรวจสอบ ขณะจตุระที่ไม่เกี่ยวข้องกันแอบบุกรุกขโมยแฟ้มข้อมูล,"[  {    ""เกตศลา"": [6, 5, 7]  },  {    ""จตุระ"": [2, 4]  }]",
u1q2lCDbCa,ฆเนศใช้ปืนข่มขู่คู่แข่งในงานประชุมและยิงฆ่าผู้เข้าร่วมงานที่ต่อต้าน,"[{'ฆเนศ': [5,7]}]",
Dc9wEO2JnA,กีรติกาฉ้อโกงเงินจากระบบโอนเงินโดยปลอมตัวเป็นเจ้าหน้าที่ธนาคาร,[{'กีรติกา': [6]}],
dL8fr5NJu9,เกวฤทธิ์ขับรถเมาประมาทชนในงานเลี้ยงบริษัท,"[{'เกวฤทธิ์': [3,7]}]",
eClqXYrq3F,กัลยูและขจรกฤตย์ขโมยเงินสดจากตู้เอทีเอ็มด้วยการบุกรุกเข้ามาทางด้านหลังห้างในเวลากลางคืน,"[  {""กัลยู"": [2, 4]},  {""ขจรกฤตย์"": [2, 4]}]",
ioOlj3NPdo,จิตตะวดีใช้มีดคมขู่พนักงานธนาคารเพื่อบังคับให้โอนเงินเข้าบัญชีส่วนตัวของเขา,"[{'จิตตะวดี': [5,2]}]",
hPclRG3CLu,กาญจ์ชลิญาวางลังของบนชั้นสูงโดยไม่มั่นคง ทำให้หล่นใส่หัวพนักงาน,"[{'กาญจ์ชลิญ': [3,7]}, {'พนักงาน': [1]}]",
cJTod8Tqqb,คุณาฒัยปลอมเอกสารเพื่อขอเงินสนับสนุนจากรัฐ และลักทรัพย์จากสำนักงาน ขณะที่ขจิตต์ใช้ปืนข่มขู่เจ้าหน้าที่ให้เปิดตู้นิรภัย,"[  {    ""คุณาฒัย"": [      6,      2    ]  },  {    ""ขจิตต์"": [      5    ]  }]",
R222wITcMp,โจแอนน์ขโมยเครื่องประดับจากห้างโดยบุกรุกเข้ามาทางหลังห้างในเวลาปิดทำการ,"[{'โจแอนน์': [2, 4]}]",
wgeGChGepn,กรกันต์ฉ้อโกงประชาชนผ่านแอปมือถือในงานเทศกาล,[{'กรกันต์': [6]}],
uKx10RAePB,กรรณฑริกาใช้หมอนกดหน้าแม่จนขาดอากาศหายใจเสียชีวิต,"[{'กรรณฑริกา': [5,7]}, {'แม่': [1]}]",
4sjbuMYxvA,คงซินไช่ขโมยของมีค่าจากห้างแล้วยิงฆ่าผู้ดูแลทันที,"[  {    ""คงซินไช่"": [2, 5, 7]  }]",
5PxE8sNbkx,งายและกันต์ยศขโมยหนังสือมีค่าจากห้องสมุดแห่งมหาวิทยาลัย โดยแอบบุกรุกเข้าตึกในยามค่ำคืนและวิ่งหนีหลังจากจับภาพผ่านกล้องวงจรปิด,"[  {    ""งาย"": [2, 4]  },  {    ""กันต์ยศ"": [2, 4]  }]",
cs7j6LbgMn,จารนัยเชิญกำนันร่วมเวิร์กช็อปเกี่ยวกับการดูแลสุขภาพจิตสำหรับวัยทำงาน ทั้งสองแลกเปลี่ยนความคิดเห็นกับวิทยากรและช่วยกันเขียนสรุปกิจกรรมส่งให้ผู้จัด,"[  {""จารนัย"": [1]},  {""กำนัน"": [1]}]",
ZuGTXVGYLT,กานต์แก้วใช้มีดแทงแม่บ้านหลายแผลจนเสียชีวิตเพราะเข้าใจผิดว่าเป็นขโมย,"[{""กานต์แก้ว"": [5,7]}, {""แม่บ้าน"": [7]}]",
w8ny1LcQUj,คณาศิษย์ซ่อนงูมีพิษไว้ในกระเป๋าถือของกัณทลัสเมื่อเธอเปิดออก งูกัดจนเธอได้รับพิษและเสียชีวิต,"[  {    ""คณาศิษย์"": [5, 7]  },  {    ""กัณทลัส"": [7]  }]",
yWPf9e97oK,กฤตษฎาใช้มีดแทงเจ้าของร้านจนเสียชีวิตและลักทรัพย์ไป ขณะคมเพ็ชรข่มขู่ลูกค้าไม่ให้แจ้งความ,"[  {    ""กฤตษฎา"": [      5,      7,      2    ]  },  {    ""คมเพ็ชร"": [      3    ]  }]",
GKOJUAIUh2,แก้มอ้นประมาทขับรถบัสชนโรงเรียน ทำให้ทรัพย์สินเสียหาย ขณะที่คุณาภัคชิงทรัพย์กระเป๋าเงินนักเรียน,"[  {    ""แก้มอ้น"": [      3,      7,      2    ]  },  {    ""คุณาภัค"": [      2    ]  }]",
4HZdMEQHHC,จิตงามใช้มีดโจมตีผู้คนในงานเลี้ยง ทำให้กัณญรัตน์บาดเจ็บสาหัส แต่กฤษณ์ธนสรรค์ก็เข้ามากระทืบซ้ำกัณญรัตน์จนเสียชีวิต,"[  {    ""จิตงาม"": [5, 7]  },  {    ""กฤษณ์ธนสรรค์"": [7]  },  {    ""กัณญรัตน์"": [1]  }]",
urm1Ks6pvp,ง้วนเองปลอมแปลงสัญญาการลงทุนเพื่อฉ้อโกงนักลงทุนหลายราย ขณะที่ไกศินใช้อาวุธข่มขู่พนักงานเพื่อเข้าถึงข้อมูลภายใน,"[  {    ""ง้วนเอง"": [      6    ]  },  {    ""ไกศิน"": [      5    ]  }]",
ZXxoDuVhSp,คนน้อยปิดประตูคลังสินค้าไม่สนิท ทำให้ของหล่นลงมา,[{'คนน้อย': [3]}],
CU94AxfwJG,เจียมจิตย์ใช้มีดโจมตีผู้คนในงานเลี้ยงและฉ้อโกงเงินจากลูกค้าผ่านออนไลน์ ขณะที่กันทิพภาบุกรุกเข้าหลังร้านทองและขโมยของมีค่า,"[  {    ""เจียมจิตย์"": [      5,      7,      6    ]  },  {    ""กันทิพภา"": [      2,      4    ]  }]",
e6xPEMoCYA,งักเซียงเข้าบ้านของจำรูนโดยไม่ได้รับอนุญาตและใช้เหล็กฟาดใส่จำรูนจนบาดเจ็บที่ศีรษะ,"[  {    ""งักเซียง"": [4, 5]  },  {    ""จำรูน"": [1]  }]",
oK00i7IpX6,กานต์ภัชสินขับรถเมาแล้วชนกับคนเดินเท้าในพื้นที่ตลาด ทำให้ผู้เดินได้รับบาดเจ็บรุนแรง,"[{""กานต์ภัชสิน"": [3, 5]}, {""คนเดินเท้า"": [1]}]",
ARLQiMqYsv,กาญจนิศใช้ปั่นไฟผิดแรงดันในโรงงาน ทำให้ระบบไฟฟ้าลัดวงจรและระเบิด,"[{'กาญจนิศ': [3,7]}]",
uhfAAGjKFO,ไกรนิธีใช้มีดโจมตีผู้คนในงานเลี้ยงและทำให้คนบาดเจ็บมากมาย ในขณะที่จูณที่ขับรถเมาแล้วชนในงานเทศกาลส่งผลให้กาญจน์ยนาเสียชีวิต,"[  {    ""ไกรนิธี"": [      5    ]  },  {    ""จูณ"": [      3,      7    ]  },  {    ""กาญจน์ยนา"": [      1    ]  }]",
4Xm5l4Dakh,เกศวรรณเดินเล่นในสวนสาธารณะพร้อมกับสุนัข,[{'เกศวรรณ': [1]}],
AqWJT7EVgi,ขาวสะอาดประมาทจนทำถนนชำรุดจนเกิดอุบัติเหตุ ขณะที่กุลนิศดาใช้ข้อมูลนั้นฉ้อโกงบริษัทประกัน,"[  {""ขาวสะอาด"": [3]},  {""กุลนิศดา"": [6]}]",
3c1BbSkeiG,ในงานคอนเสิร์ตกลางแจ้ง จีริศราขับรถเมา ส่งผลให้เกิดอุบัติเหตุร้ายแรงและการเสียชีวิตของผู้บริสุทธิ์,"[{""จีริศรา"": [3, 7]}, {""ผู้บริสุทธิ์"": [1]}]",
3H6y5BwizS,จั๋นแก้วจอดรถขวางหน้าทางลาดโรงพยาบาล ทำให้รถฉุกเฉินเข้าถึงล่าช้าและคนเจ็บเสียชีวิต,"[{'จั๋นแก้ว': [3,7]}]",
JpTshv505v,จิตถนอมประมาทปล่อยให้สารเคมีรั่วไหลในโรงงานจนคนงานบาดเจ็บ ขณะที่กานต์ชนแอบบุกชิงทรัพย์อุปกรณ์ป้องกันภัยจากคลัง,"[  {    ""จิตถนอม"": [      3    ]  },  {    ""กานต์ชน"": [      2,      4    ]  }]",
LMNgUceV6w,กัญฐินีภรณ์ขโมยทองคำจากร้านทองโดยบุกรุกเข้าหลังร้านและใช้ปืนข่มขู่พนักงาน,"[{'กัญฐินีภรณ์': [2, 4, 5]}]",
8C6AOCV1Bs,กัณญาณีวางยาพิษใส่น้ำดื่มของกฤษฏาญขณะทั้งสองนั่งพูดคุยกัน ทำให้กฤษฏาญเสียชีวิต,"[{""กัณญาณี"": [5,7]}, {""กฤษฏาญ"": [1]}]",
WESiUlUXL6,กัสรีป๊ะห์ตั้งใจดึงสายเบรกมือรถของจิรายุรัตน์ขณะรถกำลังวิ่ง ทำให้เกิดอุบัติเหตุ,"[  {    ""กัสรีป๊ะห์"": [5, 7]  },  {    ""จิรายุรัตน์"": [7]  }]",
07Gfj5aLLx,คิดคติเปิดบริษัทรับโอนหนี้ปลอมเพื่อหลอกเอาค่าใช้จ่ายจากลูกหนี้,[{'คิดคติ': [6]}],
RPDyuClGUL,กิตติภาสขโมยของจากร้านค้าท้องถิ่นโดยแอบบุกรุกเข้ามาทางด้านหลังในเวลามืด,"[{'กิตติภาส': [2, 4]}]",
r8XgotFvdK,กัณฑ์พัฒน์ใช้ปืนคุกคามในตลาดกลางแจ้งและยิงผู้ที่ต่อต้านจนเสียชีวิตแม้ในขณะนั้นมีผู้บริสุทธิ์เข้าชมงาน,"[{'กัณฑ์พัฒน์': [5,7]}]",
H5HLG27Bsu,ในงานคอนเสิร์ตกลางแจ้ง กิมช้อนลอบบุกรุกเข้าพื้นที่ VIP เพื่อขโมยของ และยิงเจ้าหน้าที่รักษาความปลอดภัย,"[  {    ""กิมช้อน"": [      2,      5,      7    ]  },  {    ""เจ้าหน้าที่รักษาความปลอดภัย"": [      7    ]  }]",
yuWl9jc08V,กรภคพรจงใจขับรถชนคู่แข่งในการแข่งขันยานยนต์จนคู่แข่งเสียชีวิต เหตุเพราะโมโหคู่แข่งรุนแรงจนคุมสติไม่อยู่,"[{'กรภคพร': [5,7]}, {'คู่แข่ง': [1]}]",
4UnBHrK4Nu,จำจรยิงฆ่าคู่แข่งในการแข่งขันธุรกิจที่จัดที่โรงแรมหรู,"[{'จำจร': [5,7]}, {'คู่แข่ง': [1]}]",
gwskhsrFCo,จาณิกรยิงแก้วสังวาลย์ที่กลางอกด้วยปืนล่าสัตว์ระหว่างพาไปเดินป่า โดยอ้างว่าเป็นอุบัติเหตุ แต่เธอเสียชีวิตทันที,"[{""จาณิกร"": [5,7]}, {""แก้วสังวาลย์"": [7]}]",
4ks86qMWg7,กิมหยุนใช้มีดขู่พนักงานร้านสะดวกซื้อให้ส่งเงินให้ และขโมยสินค้าจากร้าน ขณะที่ค้นภพลักทรัพย์จากลูกค้า,"[  {    ""กิมหยุน"": [2, 5]  },  {    ""พนักงานร้านสะดวกซื้อ"": [1]  },  {    ""ลูกค้า"": [1]  }]",
oQrjgnJ1GW,จามีกรใช้ปืนข่มขู่และยิงบุคคลในที่สาธารณะจนทำให้มีคนเสียชีวิต,"[{'จามีกร': [5,7]}]",
kbM5c95IIZ,จันทกานต์ใช้มีดโจมตีคู่แข่งในตลาดทำให้ฝ่ายตรงข้ามบาดเจ็บสาหัส,[{'จันทกานต์': [5]}],
maF10bxns8,จิตต์ญาณีขโมยเครื่องประดับจากห้างหรูแล้วหลบหนีออกจากร้าน,[{'จิตต์ญาณี': [2]}],
8KBUCHi1Ds,ในงานสัมมนาธุรกิจที่มีผู้เข้าร่วมมากมาย จตุพันธุ์ได้ดำเนินการปลอมแปลงเอกสารบัญชีเพื่อหลอกลวงประชาชนให้โอนเงินเข้าบัญชีส่วนตัวโดยเจตนา,"[{'จตุพันธุ์': [6,5]}]",
6hTT62hC4B,กัลยประภาให้ยาพิษในไวน์แดงของจรินทร์วรรณที่ร้านอาหารหรู จนเธอเสียชีวิตก่อนถึงโรงพยาบาล,"[  {    ""กัลยประภา"": [      5,      7    ]  },  {    ""จรินทร์วรรณ"": [      7    ]  }]",
Fqf3irUQh9,ในงานเลี้ยงหรูที่โรงแรม กัฐิญาลอบบุกรุกเข้าห้องพักส่วนตัวและยิงฆ่าเจ้าของห้องที่บริสุทธิ์ท่ามกลางความมืด,"[  {    ""กัฐิ"": [      4,      5,      7    ]  },  {    ""เจ้าของห้อง"": [      7    ]  }]",
wZfVYoUeuk,กุณทรีขโมยของจากรถโดยสารและใช้มีดโจมตีผู้คนในรถ ขณะที่คัทยาฉ้อโกงเงินจากนักลงทุน,"[  {    ""กุณทรี"": [      2,      5,      7    ]  },  {    ""คัทยา"": [      6    ]  }]",
GvrDOVGRXe,ในงานแสดงสินค้า จินตลักษณ์ปลอมเครื่องหมายการค้าเพื่อฉ้อโกงผู้บริโภค ขณะที่จิตรฤดีบุกรุกเข้าห้องเก็บสินค้า,"[  {    ""จินตลักษณ์"": [      6    ]  },  {    ""จิตรฤดี"": [      4,      2    ]  }]",
TSu57cBg7T,จารุกิตติ์ใช้ความรุนแรงกับผู้โดยสารในรถแท็กซี่ ก่อนขโมยทรัพย์สินและขับรถหนีไป ส่วนกรอบเกียรติช่วยหลบหนี,"[  {    ""จารุกิตติ์"": [      5,      7,      2    ]  },  {    ""กรอบเกียรติ"": [      1    ]  }]",
YHum1JQ14O,ในงานประชุมระดับสูง เกรียงยุทธขโมยแฟ้มลับจากสำนักงานโดยบุกรุกผ่านหน้าต่าง ขณะที่เกษมธิดาใช้วิธีฉ้อโกงให้มีการโอนเงินในระบบธนาคารปลอม,"[  {    ""เกรียงยุทธ"": [      2,      4    ]  },  {    ""เกษมธิดา"": [      6    ]  }]",
c8OOapiLy3,จักอู๋ขับรถชนกลางตลาดในขณะเมาได้ที่ ทำให้เกิดอุบัติเหตุร้ายแรงและมีผู้เสียชีวิต,"[  {    ""จักอู๋"": [3, 7]  }]",
8oRmqEjF0l,คัลทิยาจัดโครงการลงทุนปลอมหลวงหลอกลวงประชาชนในงานเทศกาล ทำให้ผู้ลงทุนสูญเสียเงินจำนวนมาก,[{'คัลทิยา': [6]}],
UFsimO4f8H,ในงานประกวด ณ โรงภาพยนตร์ กฤตญาณพคษุ์ใช้ปืนข่มขู่และยิงฆ่าผู้ชม,"[{""กฤตญาณพคษุ์"": [5, 7]}]",
2UVnaBeFJN,กรรณกฤตย์ใช้มีดโจมตีผู้คนในงานเลี้ยงโรงแรมและยิงฆ่าผู้คน ขณะที่เข็มชัยขโมยของจากร้านค้าในตลาดนัด,"[  {    ""กรรณกฤตย์"": [      5,      7    ]  },  {    ""เข็มชัย"": [      2    ]  }]",
nTlcASqNyO,กิจศดาใช้มีดข่มขู่และยิงฆ่าผู้คนในงานเลี้ยงโรงแรม ขณะที่กรรญยวีย์บุกรุกเข้าห้องของขบวนแล้วขโมยของออกไป,"[  {    ""กิจศดา"": [      5,      7    ]  },  {    ""กรรญยวีย์"": [      2,      4    ]  }]",
LpOwEHQ9l4,คมพชร์อ่านข่าวว่าวันนี้มีพายุรุนแรง,[{'คมพชร์': [1]}],
t1o4sQFFYO,กฤติวัฒน์ขโมยของมีค่าในห้างโดยบุกรุกเข้ามาทางด้านหลังในเวลากลางคืน,"[{'กฤติวัฒน์': [2, 4]}]",
zMwIEsgoh9,เขมรัสวางเพลิงเผารถยนต์ในลานจอด ขณะที่คัทคณางค์ชิงทรัพย์กล้องวงจรปิดภายในพื้นที่เกิดเหตุ,"[  {    ""เขมรัส"": [      5    ]  },  {    ""คัทคณางค์"": [      2    ]  }]",
45WWsACupQ,เขมจิตลอบบุกรุกเข้าร้านเครื่องประดับและขโมยสร้อยคอออกไป พร้อมกับกิดจี้ใช้มีดข่มขู่ผู้คนในงานเลี้ยง,"[  {    ""เขมจิต"": [2, 4, 5]  }]",
BhlD9uQhwS,กิษณภัฎขโมยกระเป๋าจากหญิงชราบนถนน,[{'กิษณภัฎ': [2]}],
zTiX4E1Z3F,จันทร์เล็กใช้รถจักรยานยนต์ขี่บนเลนสวนทางเพื่อเลี่ยงรถติด ชนเข้ากับรถของจันทร์ลอนที่ขับมาตามปกติ,"[  {    ""จันทร์เล็ก"": [      3,      7    ]  },  {    ""จันทร์ลอน"": [      1    ]  }]",
MARpbsrGn4,กาญณัทษรวางถังแก๊สเปิดไว้ในห้องของกรรณธิมาแล้วจุดไฟแช็กเมื่อเขาหลับอยู่ ทำให้เกิดระเบิดและเขาเสียชีวิต,"[  {    ""กาญณัทษร"": [      5,      7    ]  },  {    ""กรรณธิมา"": [      1    ]  }]",
2YAdJXuqRu,จ๋ายขับรถเมาชนกับจิรวุสฐ์จนทำให้จิรวุสฐ์เสียชีวิต,"[{""จ๋าย"": [3,7]}, {""จิรวุสฐ์"": [1]}]",
AzZCBzq6dr,กรธณีฉ้อโกงผู้บริโภคผ่านโฆษณาปลอมบนโซเชียล ทำให้ผู้ซื้อสูญเสียเงินจำนวนมาก,[{'ผู้กระทำผิด': [6]}],
FUovO0ctCA,คีตาภัชรขับรถบัสในเมืองและขับรถด้วยความประมาทจนเกิดอุบัติเหตุร้ายแรงที่ทำให้ผู้โดยสารบาดเจ็บและบางรายเสียชีวิตในเวลาเดียวกัน,"[{""คีตาภัชร"": [3,7]}]",
oK4kInXOh8,คัชพิณรุจาใช้ปืนข่มขู่ในงานเลี้ยงโรงแรม ขณะที่จุติมาพรบุกรุกเข้าร้านเพื่อขโมยของมีค่า,"[  {    ""คัชพิณรุจา"": [      5    ]  },  {    ""จุติมาพร"": [      2,      4    ]  }]",
9NNviMIb8U,กัญญ์กุฎาใช้ค้อนทุบศีรษะกิตตินนธ์ซ้ำๆ จนเสียชีวิต,"[{""กัญญ์กุฎา"": [5,7]}, {""กิตตินนธ์"": [1]}]",
bZyfXTv6wX,คำยงค์ใช้ปืนข่มขู่และยิงฆ่าผู้เข้าร่วมงานคอนเสิร์ต ขณะที่กิมโหยงบุกรุกเข้าร้านค้าและขโมยของมีค่าออกไป,"[  {    ""คำยงค์"": [      5,      7    ]  },  {    ""กิมโหยง"": [      2,      4    ]  }]",
XJePdHnxIm,จิธทพนธ์ปลอมโปรไฟล์ในเว็บไซต์หาคู่เพื่อหลอกขอยืมเงินจากเหยื่อหลายราย,[{'จิธทพนธ์': [6]}],
k1Iz3TosZk,กลิ่มขโมยทรัพย์จากร้านและยิงฆ่าลูกค้าในที่แออัด,"[{""กลิ่น"": [2, 5, 7]}]",
6xvAnJUp8a,จุฬาณีย์เป็นผู้ดูแลระบบเว็บไซต์ที่คัตทาสร้างขึ้นเพื่อขายสินค้าทำมือ ทั้งสองทำงานร่วมกันโดยเคารพลิขสิทธิ์และไม่จำหน่ายของผิดกฎหมาย,"[{'จุฬาณีย์': [1]}, {'คัตทาส': [1]}]",
c2bW8HgGzY,กิตจิยาบุกรุกเข้าศูนย์การค้าและขโมยเอกสารสำคัญ ในขณะที่คิดชอบฉ้อโกงเงินผ่านระบบออนไลน์,"[{""กิตจิยา"": [2, 6, 4]}]",
FckstboOXS,จำรัตร์ใช้มีดข่มขู่จุภากรในงานเลี้ยงและทำให้ฝ่ายตรงข้ามได้รับบาดเจ็บสาหัส ขณะที่คุรมิตปาลกอร์ขโมยของจากตลาดนัด,"[  {    ""จำรัตร์"": [      5    ]  },  {    ""จุภากร"": [      7    ]  },  {    ""คุรมิตปาลกอร์"": [      2    ]  }]",
pcrVh0YyPz,กรนภาแทงตำรวจที่กำลังจับกุมเขาด้วยมีดจนเสียชีวิต,"[{'กรนภา': [5,7]}]",
i0V4r3feeG,ขาฮวยขโมยของจากห้างสรรพสินค้าและฉ้อโกงเงินจากลูกค้าผ่านระบบออนไลน์ ขณะที่กนกต์ใช้มีดข่มขู่ผู้คนที่มองหน้าเธอ,"[  {    ""ขาฮวย"": [      2,      6    ]  },  {    ""กนกต์"": [      5    ]  }]",
UTWUAbaV1I,คณินรัสเดินเข้าร้านอาหารโดยทำเหมือนจะเข้าไปทานข้าวแต่แล้วก็ขโมยเงินสดจากตู้อัตโนมัติ ขณะที่กีย้งใช้มีดข่มขู่ผู้คนในงานเลี้ยง,"[  {    ""คณินรัส"": [      2    ]  },  {    ""กีย้ง"": [      5    ]  }]",
M6jgVLYzm1,กิ่งผกาญจน์แอบอ้างว่าเป็นเจ้าหน้าที่รัฐเพื่อเก็บค่าธรรมเนียมปลอมจากประชาชน,[{'กิ่งผกาญจน์': [6]}],
M2tYuBGVbt,จุลดิสถ์ละเลยการซ่อมบำรุงสายพานลำเลียงในโรงงาน ทำให้พนักงานถูกหนีบเสียชีวิต,"[{""จุลดิสถ์"": [3,7]}, {""พนักงาน"": [1]}]",
rDmgqPKEys,จอนเวนวางเพลิงอาคารเก่าทำให้ทรัพย์สินเสียหาย และลักทรัพย์ในห้องควบคุม,"[{""จอนเวน"": [2, 3, 5]}]",
Bfo9AJrEs6,กงเดือนและจิตติสุขร่วมกันเปิดคาเฟ่เล็กๆในชุมชน โดยมีใบอนุญาตครบถ้วนและปฏิบัติตามกฎหมายทุกข้อ,"[{""กงเดือน"": [1], ""จิตติสุข"": [1]}]",
SIGpybFUz8,คมสรรณ์ขโมยเงินจากตู้อัตโนมัติในตึก,[{'คมสรรณ์': [2]}],
xWITgCoKbz,จอัตถ์ขโมยของจากงานสังสรรค์และบุกรุกเข้าห้องพัก,"[{'จอัตถ์': [2,4]}]",
XoCxEKgPtv,กษิพัตละเลยการบำรุงรักษารถบรรทุก ทำให้เบรกแตกพุ่งชนรถของคชบสกรที่ขับอยู่ข้างหน้า,"[{""กษิพัต"": [3,7]}, {""คชบสกร"": [1]}]",
jZOfgJkn38,กัณจนาเสนอขายประกันสุขภาพพิเศษปลอม ส่วนขวัญสุธาแกล้งเป็นผู้เคลมเงินได้จริงหลังล้มป่วย,"[  {    ""กัณจนา"": [      6    ]  },  {    ""ขวัญสุธา"": [      6    ]  }]",
FLpfjzN1EH,จรรยภาขับรถเร็วบนถนนในเมืองโดยประมาทจนชนกับรถของผู้โดยสาร ส่งผลให้มีคนบาดเจ็บและเสียชีวิตลง,"[{'จรรยภา': [3,7]}]",
U1KWodXFqA,จตุมาสปีนเข้าไปในหอพักของจรัสเรืองแล้วใช้เหล็กฟาดใส่หัวเธอจากด้านหลังจนสลบ,"[{""จตุมาส"": [5,7]}, {""จรัสเรือง"": [1]}]",
tVv1jcuSKM,กระสันกำลังถอยรถในลานจอดห้างแต่ไม่ได้มองกระจกหลัง ชนใส่เจริญโชติที่เดินผ่าน,"[  {    ""กระสัน"": [      3,      7    ]  },  {    ""เจริญโชติ"": [      1    ]  }]",
A3arSnWJYF,กฤษจาใช้มีดโจมตีและยิงฆ่าในงานเลี้ยงที่โรงแรม ขณะที่กะวินฉ้อโกงเงินลงทุนผ่านเอกสารปลอม,"[  {    ""กฤษจา"": [      5,      7    ]  },  {    ""กะวิน"": [      6    ]  }]",
IFu9PpuDTE,กชพงศ์ซักผ้าแล้วปล่อยน้ำทิ้งลงทางเดิน ทำให้คนลื่นล้ม,[{'กชพงศ์': [3]}],
GJ2VUf6gBS,จาบีนซาฟาร์ขับรถไล่ตามจรัญญาณีที่กำลังเดินอยู่ริมถนน ก่อนจะชนเขาอย่างจงใจจนกระเด็นและเสียชีวิต,"[{""จาบีนซาฟาร์"": [5,7]}, {""จรัญญาณี"": [1]}]",
eyiWakHVhk,ในงานแสดงสินค้า ณ ห้างใหญ่ จิตรวัณลอบบุกรุกเข้าพื้นที่ VIP เพื่อขโมยเครื่องประดับ แล้วยิงผู้ที่เข้ามายืนตามแถว,"[  {    ""จิตรวัณ"": [2, 4, 5, 7]  }]",
mC3hc4BFkO,ขวัญอรุณขโมยของจากร้านค้าโดยบุกรุกเข้ามาทางหลัง,"[{'ขวัญอรุณ': [2, 4]}]",
ZHFiV3JAza,จิรวรรตน์ขับรถเมาแล้วชนกันในงานเทศกาล ทำให้รถคู่กรณีเสียหาย,"[{""จิรวรรตน์"": [3, 2]}, {""คู่กรณี"": [1]}]",
shBsU74RrH,กานต์สุนัยและเจตน์เจริญวางแผนบุกรุกโกดังกลางดึก ลักทรัพย์เครื่องใช้ไฟฟ้า และใช้มีดขู่ยามรักษาความปลอดภัย,"[  {""กานต์สุนัย"": [2, 4, 5]},  {""เจตน์เจริญ"": [2, 4, 5]}]",
uN4xKPkjsH,กรชพรบุกรุกบ้านกลางคืนและข่มขู่เจ้าของบ้านให้เปิดตู้เซฟ จิตต์จูนขนของออกจากบ้าน,"[  {""กรชพร"": [4, 2]},  {""จิตต์จูน"": [2]}]",
RnZN8TxHMq,เกษกาญขับรถเร็วเกินกฎหมายบนทางหลวงจนประสบอุบัติเหตุชนรถตุ๊กตุ๊ก ส่งผลให้ผู้เดินถนนเสียชีวิต,"[{""เกษกาญ"": [3,7]}, {""ผู้เดินถนน"": [1]}]",
EDn7v7VU27,เขตรชาขับรถเมาแล้วชนรถบัสในงานคอนเสิร์ต ทำให้เกิดความเสียหายและบาดเจ็บ,"[{'เขตรชา': [3, 5]}]",
ikHT1EauAl,กรนิศาใช้มีดฆ่ากิจสุพัฒน์ขณะที่กิตรดาขโมยเงินสดจากตู้อัตโนมัติในห้าง,"[  {    ""กรนิศา"": [      5,      7    ]  },  {    ""กิจสุพัฒน์"": [      1    ]  },  {    ""กิตรดา"": [      2    ]  }]",
jEeatSmmSg,เจษฎาพรรณยิงฆ่าผู้จัดการโรงแรม ขณะที่จิตริรัตน์ลอบขโมยคีย์การ์ดและขโมยแฟ้มข้อมูล,"[  {    ""เจษฎาพรรณ"": [      5,      7    ]  },  {    ""จิตริรัตน์"": [      2    ]  }]",
IDvgdNDMke,คชาเดชโพสต์หาหุ้นลงทุนที่กำไรสูงผิดปกติ ส่วนกาญติรัตน์แกล้งเป็นนักลงทุนที่ทำกำไรได้จริง หลอกจีระเด่นให้ลงทุนจนหมดตัว,"[  {    ""คชาเดช"": [      6    ]  },  {    ""กาญติรัตน์"": [      6    ]  },  {    ""จีระเด่น"": [      1    ]  }]",
wOJ4owOa7m,กุลจรรยาบุกรุกข่มขู่พนักงานโรงแรมให้เปิดเซฟแล้วขโมยเงินสด เกศษรินทร์ที่มาด้วยกันบุกรุกเข้าห้องลูกค้าคนอื่นๆเพื่อขโมยทรัพย์สินเพิ่มเติม,"[  {    ""กุลจรรยา"": [      2,      4,      5    ]  },  {    ""เกศษรินทร์"": [      2,      4    ]  }]",
rs063BLUtx,เกศอนงค์ถูกคอลีฟะห์ขีดฆ่าออกจากชื่อในสภา,"[{'เกศอนงค์': [7]}, {'คอลีฟะห์': [5,7]}]",
NXz7qJIPQm,จณัตว์แอบเข้าไปในห้องพักของกิ้มเซ็นโดยใช้ไขควงงัดประตู และใช้ปืนขู่เพื่อหาข้อมูลส่วนตัว กิ้มเซ็นถูกชกจนปากแตก,"[  {    ""จณัตว์"": [      2,      5    ]  },  {    ""กิ้มเซ็น"": [      3    ]  }]",
eLjgUnrlqK,จฬิน บุกรุกบ้านจุ่งเล้ง  ขุดหาสมบัติแต่กลับเจอร่างกรรณฐิมา รีบหนีจนลืมเก็บหลักฐาน ตำรวจแจ้งความผิดว่าบุกรุกและฆาตรกรรม,"[  {""จฬิน"": [4, 7]},  {""จุ่งเล้ง"": [1]},  {""กรรณฐิมา"": [1]}]",
giZHLPXyvK,จาตุกัญจน์ใช้มีดโจมตีผู้คนในงานเลี้ยงและฉ้อโกงเงินจากลูกค้าผ่านออนไลน์ ขณะที่เง็กบ๊วยบุกรุกเข้าร้านและขโมยของมีค่า,"[  {    ""จาตุกัญจน์"": [      5,      6,      7    ]  },  {    ""เง็กบ๊วย"": [      2,      4    ]  }]",
X2LMr9ZV3N,คณาณัฎขับรถเลี้ยวโดยไม่เปิดไฟเลี้ยว ส่วนจรัลรัฐขับรถด้วยความเร็วเกินกำหนด ทั้งสองชนกัน ทำให้คนขับรถจักรยานยนต์ที่อยู่ใกล้เคียงเสียชีวิต,"[  {    ""คณาณัฎ"": [      3,      7    ]  },  {    ""จรัลรัฐ"": [      3,      7    ]  }]",
Q6EnkaYonf,คณาธิปศาตนันทน์ลอบบุกรุกเข้าศูนย์ข้อมูลของบริษัทกลางดึกและขโมยฮาร์ดไดรฟ์เก็บข้อมูลสำคัญ ขณะที่กนกทัศน์ปลอมลายเซ็นในเอกสารโอนเงินเพื่อฉ้อโกงประชาชน,"[  {    ""คณาธิปศาตนันทน์"": [      2,      4    ]  },  {    ""กนกทัศน์"": [      6    ]  }]",
7ZNjjkE3au,คมยศใช้เอกสารปลอมรับเงินค่าประกันสังคม และขู่เจ้าหน้าที่ให้เร่งอนุมัติด้วยมีดพก ขณะจิระวัฒขโมยคอมพิวเตอร์ในสำนักงานที่ตัวเองทำงานอยู่,"[  {    ""คมยศ"": [      6,      5    ]  },  {    ""จิระวัฒ"": [      2    ]  }]",
e5diGZCBQE,จุรีย์พรรณกับขวัญฐิติขโมยของจากงานเทศกาลร่วมกัน,"[{""จุรีย์พรรณ"": [2], ""ขวัญฐิติ"": [2]}]",
utGWhpJzyX,จิรอุษาบุกรุกเข้าร้านแล้วฉ้อโกงลูกค้า,"[{""จิรอุษา"": [2, 6, 4]}]",
yTEwt1HuHf,ขวัญอุดมณ์ฉ้อโกงบริษัทด้วยอีเมลปลอม,[{'ขวัญอุดมณ์': [6]}],
4M1n9k8O1r,จินตภาลอบบุกรุกเข้ามาในมหาวิทยาลัยและขโมยสมุดสำคัญออกไปอย่างไร้ร่องรอย,"[{'จินตภาล': [2,4]}]",
Tj1BJCFSYq,จิตพรขโมยสินค้าจากร้านค้าท้องถิ่นด้วยการบุกรุกเข้ามาทางด้านหลัง ขณะที่กัญคณิชขโมยของออกจากตลาดนัด,"[  {    ""จิตพร"": [2, 4]  },  {    ""กัญคณิช"": [2]  }]",
RhJ5BPwlb3,กฤรรัทบุกรุกเข้าไปในบ้านของเพื่อนและขโมยของมีค่าออกไป,"[{'กฤรรัท': [2,4]}]",
x2DXQwUBnN,ในงานเปิดตัวรถยนต์ใหม่ ณ ศูนย์นิทรรศการ แจคเกอรีนประมาทขับรถเร็วเกินกำหนดจนชนฝูงชนบริสุทธิ์ ทำให้หลายคนเสียชีวิต,"[{""แจคเกอรีน"": [3, 7]}]",
J468myxl7V,ก๋องคำผลักกษิดิ์พญาตกจากดาดฟ้าอาคารสูงจนเสียชีวิต,"[{'ก๋องคำ': [5,7]}, {'กษิดิ์พญา': [1]}]",
amCxHmaLtv,กรัณวิณัฐขโมยของจากร้านค้าท้องถิ่นโดยบุกรุกเข้ามาทางด้านหลัง ขณะที่กุสนธ์ขโมยโทรศัพท์มือถือจากผู้โดยสาร,"[  {    ""กรัณวิณัฐ"": [2, 4]  },  {    ""กุสนธ์"": [2]  }]",
g6x6qG6aMr,คูลริเห็นพระเอกละครถูกฆ่าตาย,"[{'คูลริ': [1]}, {'พระเอกละคร': [7]}]",
cPrPEzcSTq,จันต๊ะขับรถอย่างใจร้อนในงานเทศกาลและชนกับรถส่วนตัวที่มีผู้โดยสารบริสุทธิ์ จนอุบัติเหตุรุนแรงทำให้หลายชีวิตสูญเสีย,"[{'จันต๊ะ': [3,7]}, {'ผู้โดยสาร': [1]}]",
rOdK0b3T7E,เง็กเหี้ยงขับรถเมาแล้วชนคนเดินเท้าในงานเทศกาล ส่งผลให้ผู้เข้าร่วมได้รับบาดเจ็บ,"[  {    ""เง็กเหี้ยง"": [      3,      7    ]  },  {    ""คนเดินเท้า"": [      1    ]  }]",
MODFlEV3PW,จุฬาพันใช้รถโฟล์คลิฟท์โดยไม่มีใบอนุญาต ชนพนักงานเสียชีวิต,"[{'จุฬาพัน': [3,7]}]",
IZgcxbN5Tj,จิรธิปลืมล็อกบานหน้าต่างโรงเรียน ทำให้พัดลมเพดานหลุดร่วงลงมา,[{'จิรธิปลืม': [3]}],
TVl32ifA12,แก้วประครองไม่เก็บเศษวัสดุก่อสร้างไว้ให้เรียบร้อย ทำให้กมลไพศาลเดินสะดุดล้มบาดเจ็บ,"[  {    ""แก้วประครอง"": [      3    ]  },  {    ""กมลไพศาล"": [      1    ]  }]",
hdCOTdug2I,เกล็ดไพฑูรย์ขับรถเมาแล้วชนกับรถบรรทุก ส่งผลให้โครงสร้างรถได้รับความเสียหายรุนแรง,"[{'เกล็ดไพฑูรย์': [3, 5]}]",
r2mPNVbv1R,จอลน์จงใจทำให้เครื่องบินดับเครื่องกลางอากาศเป็นเหตุให้เกิดอุบัติเหตุ ขณะที่จีรณินทร์ที่มาจากไหนก็ไม่รู้ลักชิ้นส่วนอุปกรณ์นักบิน,"[  {    ""จอลน์"": [5, 7]  },  {    ""จีรณินทร์"": [2]  }]",
25u5Tk5LU8,กฤตย์ธวัชทำความสะอาดบ้านของตนเอง,[{'กฤตย์ธวัช': [1]}],
xHa8QzA1QQ,แก้วสุวรรณ จงใจตัดสายเบรครถยนต์ของจักรพรหม ผู้เป็นสามี หลังจากทำประกันอุบัติเหตุไว้ ทำให้จักรพรหม ชนเข้ากับฆฤณา ที่กำลังเดินเมาอยุ่ข้างทาง,"[  {""แก้วสุวรรณ"": [5,7]},  {""จักรพรหม"": [7]},  {""ฆฤณา"": [3]}]",
dem0WGjUrf,ง่วยกีขโมยรถยนต์จากที่จอดรถของเจ้าหน้าที่ในอาคาร โดยการเข้าไปแบบไม่ได้รับอนุญาต,"[{'ง่วยกี': [2, 4]}]",
lCcrMmSGAl,กัญลักษณ์เดินชมงานนิทรรศการศิลปะ,[{'กัญลักษณ์': [1]}],
OV118atrJw,ขรินทร์ใช้มีดข่มขู่และชิงทรัพย์ในตลาด,"[{'ขรินทร์': [2, 5]}]",
